"annata","serie","categoria","codice","descrizione","mancanti","doppi","interazioni","ratio","rarità_attuale","rarità_calcolata","stato"
"2024/2025","Disney Princesses: I Love","Hand_painted","VQ332","Tiana","9","7","16","0.563","0","1","aggiornato"
"2024/2025","Disney Princesses: I Love","Hand_painted","VQ333","Rapunzel","8","8","16","0.500","0","1","aggiornato"
"2024/2025","Disney Princesses: I Love","Hand_painted","VQ335","Raya","9","4","13","0.692","0","1","aggiornato"
"2024/2025","Disney Princesses: I Love","Hand_painted","VQ336","Jasmine","9","6","15","0.600","0","1","aggiornato"
"2024/2025","Disney Princesses: I Love","Hand_painted","VQ337","Belle","10","5","15","0.667","0","2","aggiornato"
"2024/2025","Disney Princesses: I Love","Hand_painted","VQ338","Merida","12","6","18","0.667","0","2","aggiornato"
"2024/2025","Disney Princesses: I Love","Hand_painted","VQ339","Vaiana","9","4","13","0.692","0","1","aggiornato"
"2024/2025","Disney Princesses: I Love","Hand_painted","VQ340","Cenerentola","11","4","15","0.733","0","1","aggiornato"
"2024/2025","Natoons Cubs 24/25","Hand_painted","VQ117","Cucciolo di struzzo","11","8","19","0.579","0","1","aggiornato"
"2024/2025","Natoons Cubs 24/25","Hand_painted","VQ118","Cucciolo di puzzola","10","9","19","0.526","0","1","aggiornato"
"2024/2025","Natoons Cubs 24/25","Hand_painted","VQ119","Cucciolo di lepre","7","9","16","0.438","0","1","aggiornato"
"2024/2025","Natoons Cubs 24/25","Hand_painted","VQ120","Cucciolo di leone","11","11","22","0.500","0","1","aggiornato"
"2024/2025","Natoons Cubs 24/25","Hand_painted","VQ121","Cucciolo di pinguino","10","8","18","0.556","0","1","aggiornato"
"2024/2025","Natoons Cubs 24/25","Hand_painted","VQ123","Cucciolo di coccodrillo","8","13","21","0.381","0","1","aggiornato"
"2024/2025","Natoons Cubs 24/25","Hand_painted","VQ124","Cucciolo di tartaruga marina","11","4","15","0.733","0","1","aggiornato"
"2024/2025","Natoons Cubs 24/25","Hand_painted","VQ125","Cucciolo di cervo","10","6","16","0.625","0","1","aggiornato"
"2024/2025","Natoons Cubs 24/25","Hand_painted","VQ127","Cucciolo di suricato","12","8","20","0.600","0","1","aggiornato"
"2024/2025","Natoons Cubs 24/25","Hand_painted","VQ128","Cucciolo di cigno","11","9","20","0.550","0","1","aggiornato"
"2024/2025","Natoons Cubs 24/25","Hand_painted","VQ129","Cucciolo di scoiattolo","10","9","19","0.526","0","1","aggiornato"
"2024/2025","Natoons Cubs 24/25","Hand_painted","VQ130","Cucciolo di tapiro","12","6","18","0.667","0","2","aggiornato"
"2024/2025","Natoons Cubs 24/25","Hand_painted","VQ131","Cucciolo di orso polare","10","7","17","0.588","0","1","aggiornato"
"2024/2025","Natoons Cubs 24/25","Hand_painted","VQ172","Cucciolo di elefante","7","10","17","0.412","0","1","aggiornato"
"2024/2025","Natoons Cubs 24/25","Hand_painted","VQ174","Cucciolo di ippopotamo","8","7","15","0.533","0","1","aggiornato"
"2024/2025","Natoons Cubs 24/25","Hand_painted","VQ175","Cucciolo di koala","12","9","21","0.571","0","1","aggiornato"
"2024/2025","Paw Patrol 2024","Hand_painted","VD348","Rocky","12","7","19","0.632","0","1","aggiornato"
"2024/2025","Paw Patrol 2024","Hand_painted","VD349","Rubble","15","10","25","0.600","0","1","aggiornato"
"2024/2025","Paw Patrol 2024","Hand_painted","VD354","Skye","12","8","20","0.600","0","1","aggiornato"
"2024/2025","Paw Patrol 2024","Hand_painted","VD355","Zuma","11","6","17","0.647","0","1","aggiornato"
"2024/2025","Paw Patrol 2024","Hand_painted","VD358","Everest","12","7","19","0.632","0","1","aggiornato"
"2024/2025","Paw Patrol 2024","Hand_painted","VD361","Chase","9","6","15","0.600","0","1","aggiornato"
"2024/2025","Paw Patrol 2024","Hand_painted","VD362","Marshall","13","4","17","0.765","0","1","aggiornato"
"2024/2025","Paw Patrol 2024","Hand_painted","VQ331","Liberty","11","7","18","0.611","0","1","aggiornato"
"2024/2025","Sea Action Game","Compo","VQ425","Pesce blu","11","1","12","0.917","0","1","aggiornato"
"2024/2025","Sea Action Game","Compo","VQ425A","Pesce arancione","10","2","12","0.833","0","1","aggiornato"
"2024/2025","Feeding Friends","Compo","VT080","Ippopotamo","11","0","11","1.000","0","1","aggiornato"
"2024/2025","Feeding Friends","Compo","VT081","Tartaruga","8","5","13","0.615","0","1","aggiornato"
"2024/2025","Crown Spinner - riedizione","Compo","VU050D","Trottola gialla","10","1","11","0.909","0","1","aggiornato"
"2024/2025","Crown Spinner - riedizione","Compo","VU050E","Trottola azzurra","11","1","12","0.917","0","1","aggiornato"
"2024/2025","Stretchy","Compo","VQ343","Hatto","7","3","10","0.700","0","1","aggiornato"
"2024/2025","Stretchy","Compo","VQ343A","Hollo","6","3","9","0.667","0","1","aggiornato"
"2024/2025","Trottole animali","Compo","VQ180","Trottola delfini","4","6","10","0.400","0","1","aggiornato"
"2024/2025","Trottole animali","Compo","VQ181","Trottola fenicotteri","5","7","12","0.417","0","1","aggiornato"
"2024/2025","Breaker","Compo","VQ051","Drill","6","5","11","0.545","0","1","aggiornato"
"2024/2025","Breaker","Compo","VQ052","Wrecking Ball","4","3","7","","0","","skippato"
"2024/2025","Feeding Friends","Compo","VQ083","Tartaruga","6","2","8","0.750","0","1","aggiornato"
"2024/2025","Feeding Friends","Compo","VQ082","Orso polare","6","1","7","","0","","skippato"
"2024/2025","Feeding Friends","Compo","VQ079","Rinoceronte","7","1","8","0.875","0","1","aggiornato"
"2024/2025","Feeding Friends","Compo","VQ081","Zebra","8","2","10","0.800","0","1","aggiornato"
"2024/2025","Animali stampini","Compo","VQ035","Stampino orso","11","2","13","0.846","0","1","aggiornato"
"2024/2025","Animali stampini","Compo","VQ036","Stampino gorilla","13","0","13","1.000","0","1","aggiornato"
"2024/2025","Dragon stickers","Compo","VQ294","Dragon sticker rosso","10","2","12","0.833","0","1","aggiornato"
"2024/2025","Dragon stickers","Compo","VQ295","Dragon sticker oro","8","2","10","0.800","0","1","aggiornato"
"2024/2025","Wheelie Moto","Compo","VQ069","Moto giallo-rossa","7","1","8","0.875","0","1","aggiornato"
"2024/2025","Wheelie Moto","Compo","VQ070","Moto rosso-blu","7","3","10","0.700","0","1","aggiornato"
"2024/2025","Caravans","Compo","VQ103A","Van rosa","5","4","9","0.556","0","1","aggiornato"
"2024/2025","Caravans","Compo","VQ103","Van verde acqua","6","0","6","","0","","skippato"
"2024/2025","Magic Animal Trick","Compo","VQ182","Scimmia","5","5","10","0.500","0","1","aggiornato"
"2024/2025","Magic Animal Trick","Compo","VQ183","Coniglio","5","9","14","0.357","0","1","aggiornato"
"2024/2025","Sick pets","Compo","VQ189","Pinguino","7","2","9","0.778","0","1","aggiornato"
"2024/2025","Sick pets","Compo","VQ190","Elefante","7","3","10","0.700","0","1","aggiornato"
"2024/2025","Water revealing animals","Compo","VT021","Polipo","7","2","9","0.778","0","1","aggiornato"
"2024/2025","Water revealing animals","Compo","VT022","Lumaca","10","1","11","0.909","0","1","aggiornato"
"2024/2025","Feeding Friends","Compo","VQ084 ","Coniglio","6","8","14","0.429","0","1","aggiornato"
"2024/2025","Feeding Friends","Compo","VQ085 ","Gatto","6","2","8","0.750","0","1","aggiornato"
"2024/2025","Carrelli elevatori","Compo","VQ059","Carrello giallo","7","2","9","0.778","0","1","aggiornato"
"2024/2025","Carrelli elevatori","Compo","VQ059A","Carrello verde","8","0","8","1.000","0","1","aggiornato"
"2024/2025","Animali saltatori","Compo","VQ005","Rana","4","5","9","0.444","0","1","aggiornato"
"2024/2025","Animali saltatori","Compo","VQ006","Lepre","7","4","11","0.636","0","1","aggiornato"
"2024/2025","Shooting Boat - riedizione","Compo","VT114C","Moto Boat verde","6","3","9","0.667","0","1","aggiornato"
"2024/2025","Shooting Boat - riedizione","Compo","VT114D","Moto Boat rossa","10","1","11","0.909","0","1","aggiornato"
"2024/2025","Fairy houses","Compo","VT048B","Casa tetto blu","6","2","8","0.750","0","1","aggiornato"
"2024/2025","Fairy houses","Compo","VT048C","Casa tetto rosa","6","1","7","","0","","skippato"
"2024/2025","Reveal camera - riedizione","Compo","VD057B","Green camera","8","1","9","0.889","0","1","aggiornato"
"2024/2025","Reveal camera - riedizione","Compo","VD058B","White camera","5","2","7","","0","","skippato"
"2024/2025","Walking robots","Compo","VD203","Robot rosso","6","3","9","0.667","0","1","aggiornato"
"2024/2025","Walking robots","Compo","VD203A","Robot giallo","7","2","9","0.778","0","1","aggiornato"
"2024/2025","Coccinelle","Compo","VQ266","Coccinella rossa","3","7","10","0.300","0","1","aggiornato"
"2024/2025","Coccinelle","Compo","VQ266A","Coccinella gialla","6","1","7","","0","","skippato"
"2024/2025","Auto con elastico","Compo","VQ056","Auto blu","6","3","9","0.667","0","1","aggiornato"
"2024/2025","Auto con elastico","Compo","VQ055","Auto gialla","5","2","7","","0","","skippato"
"2024/2025","Animali dal veterinario","Compo","VQ007","Koala","5","4","9","0.556","0","1","aggiornato"
"2024/2025","Animali dal veterinario","Compo","VQ008","Scimmia","6","2","8","0.750","0","1","aggiornato"
"2024/2025","Eating Time Animals","Compo","VQ113","Orso","7","3","10","0.700","0","1","aggiornato"
"2024/2025","Eating Time Animals","Compo","VQ114","Pinguino","7","4","11","0.636","0","1","aggiornato"
"2024/2025","Finger Dragons","Compo","VQ094","Drago ali rosse","9","1","10","0.900","0","1","aggiornato"
"2024/2025","Finger Dragons","Compo","VQ095","Drago ali oro","10","1","11","0.909","0","1","aggiornato"
"2024/2025","Vet Check","Compo","VQ020","Infermiera con koala","6","2","8","0.750","0","1","aggiornato"
"2024/2025","Vet Check","Compo","VQ021","Infermiera con pinguino","4","3","7","","0","","skippato"
"2024/2025","Dragons in crystal","Compo","VQ076","Fire Dragon","8","3","11","0.727","0","1","aggiornato"
"2024/2025","Dragons in crystal","Compo","VQ076A","Red Dragon","8","3","11","0.727","0","1","aggiornato"
"2024/2025","Shooting Dragons","Compo","VQ091","Drago oro","6","2","8","0.750","0","1","aggiornato"
"2024/2025","Shooting Dragons","Compo","VQ090","Drago rosso","5","2","7","","0","","skippato"
"2024/2025","Minidragon","Compo","VQ088","Mini Enrico","6","2","8","0.750","0","1","aggiornato"
"2024/2025","Minidragon","Compo","VQ089","Mini Giordano","6","2","8","0.750","0","1","aggiornato"
"2024/2025","Throwing Monkeys","Compo","VQ353A","Godric","6","2","8","0.750","0","1","aggiornato"
"2024/2025","Throwing Monkeys","Compo","VQ353","Gilly","7","0","7","","0","","skippato"
"2024/2025","Bracelets","Compo","VQ092","Kitty Bracelet","6","3","9","0.667","0","1","aggiornato"
"2024/2025","Bracelets","Compo","VQ093","Paw bracelet","6","5","11","0.545","0","1","aggiornato"
"2024/2025","Animali pastello","Compo","VQ043","Lumaca","8","2","10","0.800","0","1","aggiornato"
"2024/2025","Animali pastello","Compo","VQ044","Pinguino","8","1","9","0.889","0","1","aggiornato"
"2024/2025","Bracciali di stoffa","Compo","VQ251","Bracciale gatto","7","2","9","0.778","0","1","aggiornato"
"2024/2025","Bracciali di stoffa","Compo","VQ251B","Bracciale panda","8","2","10","0.800","0","1","aggiornato"
"2024/2025","Magic Dragons","Compo","VQ099","Drago rosso","7","1","8","0.875","0","1","aggiornato"
"2024/2025","Magic Dragons","Compo","VQ100","Drago oro","7","1","8","0.875","0","1","aggiornato"
"2024/2025","School Friends","Compo","VQ041","Tom Frog","6","5","11","0.545","0","1","aggiornato"
"2024/2025","School Friends","Compo","VQ042","Sam Chamaleon","5","4","9","0.556","0","1","aggiornato"
"2024/2025","Road Chaser Formula","Compo","VQ209","Kimi","4","4","8","0.500","0","1","aggiornato"
"2024/2025","Road Chaser Formula","Compo","VQ210","Mick","7","2","9","0.778","0","1","aggiornato"
"2024/2025","Feeding Time Animals","Compo","VQ024 ","Feeding Cygnets","5","5","10","0.500","0","1","aggiornato"
"2024/2025","Feeding Time Animals","Compo","VQ025 ","Feeding Turtles","6","4","10","0.600","0","1","aggiornato"
"2024/2025","Silly Brushes","Compo","VQ049","Gorilla","8","2","10","0.800","0","1","aggiornato"
"2024/2025","Silly Brushes","Compo","VQ050","Pappagallo","8","1","9","0.889","0","1","aggiornato"
"2024/2025","Vet Secret Message","Compo","VQ108","Star Fish","4","2","6","","0","","skippato"
"2024/2025","Vet Secret Message","Compo","VQ108A","Marine","5","2","7","","0","","skippato"
"2024/2025","Abitanti degli oceani","Compo","VQ178","Balena affamata","6","2","8","0.750","0","1","aggiornato"
"2024/2025","Abitanti degli oceani","Compo","VQ179","Squalo affamato","6","2","8","0.750","0","1","aggiornato"
"2024/2025","Dragons Fire and Ice","Compo","VQ014","Ice Dragon","6","2","8","0.750","0","1","aggiornato"
"2024/2025","Dragons Fire and Ice","Compo","VQ013","Fire Dragon","4","0","4","","0","","skippato"
"2024/2025","Anelli scrigno","Compo","VT040A","Anello fiore","6","3","9","0.667","0","1","aggiornato"
"2024/2025","Anelli scrigno","Compo","VT041A","Anello farfalla","7","2","9","0.778","0","1","aggiornato"
"2024/2025","Twins rings","Compo","VQ115","Anello gatti","6","3","9","0.667","0","1","aggiornato"
"2024/2025","Twins rings","Compo","VQ116","Anello conigli","7","2","9","0.778","0","1","aggiornato"
"2024/2025","Holding Dragons","Compo","VQ188","Mark","6","3","9","0.667","0","1","aggiornato"
"2024/2025","Holding Dragons","Compo","VQ187","Iacopo","5","1","6","","0","","skippato"
"2024/2025","Monster truck","Compo","VQ064","Truck grigio-viola","7","5","12","0.583","0","1","aggiornato"
"2024/2025","Monster truck","Compo","VQ063","Truck giallo-rosso","6","1","7","","0","","skippato"
"2024/2025","Nurses with Pets","Compo","VQ019","Infermiera con tartaruga","5","4","9","0.556","0","1","aggiornato"
"2024/2025","Nurses with Pets","Compo","VQ018","Infermiera con pantera","6","1","7","","0","","skippato"
"2024/2025","Dragon Wings Action Figure","Compo","VT151B","Action figure bionda","6","5","11","0.545","0","1","aggiornato"
"2024/2025","Dragon Wings Action Figure","Compo","VT151C","Action figure mora","10","2","12","0.833","0","1","aggiornato"
"2024/2025","Amiche degli animali","Compo","VQ022","Nurse Klara","6","2","8","0.750","0","1","aggiornato"
"2024/2025","Amiche degli animali","Compo","VQ023","Nurse Sara","7","4","11","0.636","0","1","aggiornato"
"2024/2025","Orecchini","Compo","VQ078","Orecchini arancioni","9","3","12","0.750","0","1","aggiornato"
"2024/2025","Orecchini","Compo","VQ078B","Orecchini viola","7","4","11","0.636","0","1","aggiornato"
"2024/2025","Trasportini","Compo","VQ010","Coniglio con trasportino","5","3","8","0.625","0","1","aggiornato"
"2024/2025","Trasportini","Compo","VQ009","Scoiattolo con trasportino","5","2","7","","0","","skippato"
"2024/2025","Engine cars","Compo","VQ057","Auto viola","5","3","8","0.625","0","1","aggiornato"
"2024/2025","Engine cars","Compo","VQ058","Auto verde","4","8","12","0.333","0","1","aggiornato"
"2024/2025","Chinese Moving Dragons","Compo","VQ111","Drago oro","13","0","13","1.000","0","1","aggiornato"
"2024/2025","Chinese Moving Dragons","Compo","VQ111B","Drago rosso","11","2","13","0.846","0","1","aggiornato"
"2024/2025","Christmas 2024","Compo","VQ252","Gingerbread","6","4","10","0.600","0","1","aggiornato"
"2024/2025","Christmas 2024","Compo","VQ253","Renna","5","7","12","0.417","0","1","aggiornato"
"2024/2025","Christmas 2024","Compo","VQ254","Babbo Natale slitta","6","7","13","0.462","0","1","aggiornato"
"2024/2025","Christmas 2024","Compo","VQ255","Civetta","6","5","11","0.545","0","1","aggiornato"
"2024/2025","Christmas 2024","Compo","VQ256","Elfo verde","6","2","8","0.750","0","1","aggiornato"
"2024/2025","Christmas 2024","Compo","VQ257","Elfo rosso","5","3","8","0.625","0","1","aggiornato"
"2024/2025","Christmas 2024","Compo","VQ258","Pupazzo di neve","5","4","9","0.556","0","1","aggiornato"
"2024/2025","Christmas 2024","Compo","VQ259","Orso","5","8","13","0.385","0","1","aggiornato"
"2024/2025","Christmas 2024","Compo","VQ260","Renna sci","6","6","12","0.500","0","1","aggiornato"
"2024/2025","Christmas 2024","Compo","VQ261","Babbo Natale snowboard","4","8","12","0.333","0","1","aggiornato"
"2024/2025","Christmas 2024","Compo","VQ262","Pinguino slittino","6","5","11","0.545","0","1","aggiornato"
"2024/2025","Christmas 2024","Compo","VQ263","Scoiattolo slittino","8","6","14","0.571","0","1","aggiornato"
"2024/2025","Pasqua 2025","Hand_painted","VQ278","Coniglio picnic","8","4","12","0.667","0","1","aggiornato"
"2024/2025","Pasqua 2025","Hand_painted","VQ279","Pecora picnic","8","5","13","0.615","0","1","aggiornato"
"2024/2025","Pasqua 2025","Hand_painted","VQ281","Gufo picnic","7","5","12","0.583","0","1","aggiornato"
"2024/2025","Pasqua 2025","Hand_painted","VQ282","Volpe picnic","6","5","11","0.545","0","1","aggiornato"
"2024/2025","Pasqua 2025","Hand_painted","VQ283","Trottola farfalla","18","1","19","0.947","0","1","aggiornato"
"2024/2025","Pasqua 2025","Hand_painted","VQ297","Coccinella sparadischi","5","8","13","0.385","0","1","aggiornato"
"2024/2025","Pasqua 2025","Hand_painted","VQ298","Coniglio sparadischi","6","7","13","0.462","0","1","aggiornato"
"2024/2025","Pasqua 2025","Hand_painted","VQ299","Riccio sparadischi","5","7","12","0.417","0","1","aggiornato"
"2024/2025","Pasqua 2025","Hand_painted","VQ300","Trottola uccello verde","5","9","14","0.357","0","1","aggiornato"
"2024/2025","Pasqua 2025","Hand_painted","VQ301","Trottola uccello rosso","7","5","12","0.583","0","1","aggiornato"
"2024/2025","Pasqua 2025","Hand_painted","VT342","Trottola rana","7","3","10","0.700","0","1","aggiornato"
"2024/2025","Pasqua 2025","Hand_painted","VT347","Gallo sparadischi","5","7","12","0.417","0","1","aggiornato"
"2024/2025","Auto spia","Compo","VQ053","Auto spia 1","6","4","10","0.600","0","1","aggiornato"
"2024/2025","Auto spia","Compo","VQ054","Auto spia 2","6","3","9","0.667","0","1","aggiornato"
"2024/2025","Moving Dragons","Compo","VQ106","Drago ali rosse","7","1","8","0.875","0","1","aggiornato"
"2024/2025","Moving Dragons","Compo","VQ107","Drago ali oro","6","3","9","0.667","0","1","aggiornato"
"2024/2025","Car to Plane","Compo","VQ012","Soldier","6","6","12","0.500","0","1","aggiornato"
"2024/2025","Car to Plane","Compo","VQ012A","Fire wings","6","2","8","0.750","0","1","aggiornato"
"2024/2025","Marvel","Hand_painted","VQ356","Iron Man","14","6","20","0.700","0","2","aggiornato"
"2024/2025","Marvel","Hand_painted","VQ357","Capitan America (Sam)","15","5","20","0.750","0","2","aggiornato"
"2024/2025","Marvel","Hand_painted","VQ363","Spiderman","14","4","18","0.778","0","1","aggiornato"
"2024/2025","Marvel","Hand_painted","VQ364","Antman","17","1","18","0.944","0","1","aggiornato"
"2024/2025","Marvel","Hand_painted","VQ365","Black Panther","11","4","15","0.733","0","1","aggiornato"
"2024/2025","Marvel","Hand_painted","VQ366","Doctor Strange","12","5","17","0.706","0","2","aggiornato"
"2024/2025","Marvel","Hand_painted","VQ368","Hulk","14","8","22","0.636","0","1","aggiornato"
"2024/2025","Marvel","Hand_painted","VQ379","Spider-woman (Spider Ghost)","15","3","18","0.833","0","1","aggiornato"
"2024/2025","Barbie","Hand_painted","EN399B","Barbie regista","7","2","9","0.778","0","1","aggiornato"
"2024/2025","Barbie","Hand_painted","VD402","Barbie ballerina","6","2","8","0.750","0","1","aggiornato"
"2024/2025","Barbie","Hand_painted","VD405","Barbie operaia","8","1","9","0.889","0","1","aggiornato"
"2024/2025","Barbie","Hand_painted","VD406","Barbie pompiere","8","2","10","0.800","0","1","aggiornato"
"2024/2025","Barbie","Hand_painted","VD401","Barbie veterinaria","5","2","7","","0","","skippato"
"2024/2025","Barbie","Hand_painted","VD403","Barbie scienziata","5","2","7","","0","","skippato"
"2024/2025","Barbie","Hand_painted","VD404","Barbie pilota","5","2","7","","0","","skippato"
"2024/2025","Barbie","Hand_painted","VD415","Barbie astronauta","5","1","6","","0","","skippato"
"2025/2026","Jurassic Natoons","Hand_painted","VC097","Stegosaurus","7","12","19","0.368","0","1","aggiornato"
"2025/2026","Jurassic Natoons","Hand_painted","VC098","Synocerotops","9","5","14","0.643","0","1","aggiornato"
"2025/2026","Jurassic Natoons","Hand_painted","VC099","Triceratops","7","3","10","0.700","0","1","aggiornato"
"2025/2026","Jurassic Natoons","Hand_painted","VC100","Ankylosaurus","13","4","17","0.765","0","1","aggiornato"
"2025/2026","Jurassic Natoons","Hand_painted","VC101","Pteranodon","11","8","19","0.579","0","1","aggiornato"
"2025/2026","Jurassic Natoons","Hand_painted","VC102","Spinosaurus","9","7","16","0.563","0","1","aggiornato"
"2025/2026","Jurassic Natoons","Hand_painted","VC103","Parasaurolophus","6","7","13","0.462","0","1","aggiornato"
"2025/2026","Jurassic Natoons","Hand_painted","VC108","Diplodocus","6","4","10","0.600","0","1","aggiornato"
"2025/2026","Jurassic Natoons","Hand_painted","VC109","Velociraptor","10","5","15","0.667","0","2","aggiornato"
"2025/2026","Jurassic Natoons","Hand_painted","VC110","Brachiosaurus","13","3","16","0.813","0","1","aggiornato"
"2025/2026","Jurassic Natoons","Hand_painted","VC111","Dilophosaurus","11","5","16","0.688","0","2","aggiornato"
"2025/2026","Jurassic Natoons","Hand_painted","VC112","Gigonerosaurus","10","2","12","0.833","0","1","aggiornato"
"2025/2026","Jurassic Natoons","Hand_painted","VC113","Lambeosaurus","13","6","19","0.684","0","2","aggiornato"
"2025/2026","Jurassic Natoons","Hand_painted","VC114","Pachiccephalosaurus","10","4","14","0.714","0","1","aggiornato"
"2025/2026","Jurassic Natoons","Hand_painted","VC122","Tyrannosaurus Rex","5","7","12","0.417","0","1","aggiornato"
"2025/2026","Jurassic Natoons","Hand_painted","VC123","Plesiosaurus","14","6","20","0.700","0","2","aggiornato"
"2025/2026","Unicorns","Hand_painted","VC005","Magnolia","8","1","9","0.889","0","1","aggiornato"
"2025/2026","Unicorns","Hand_painted","VC005B","Vanilla","6","2","8","0.750","0","1","aggiornato"
"2025/2026","Unicorns","Hand_painted","VC005C","Clementine","5","3","8","0.625","0","1","aggiornato"
"2025/2026","Unicorns","Hand_painted","VC080","Earring Sleepy","9","3","12","0.750","0","1","aggiornato"
"2025/2026","Unicorns","Hand_painted","VC080B","Earring Dream","6","3","9","0.667","0","1","aggiornato"
"2025/2026","Unicorns","Hand_painted","VC082","Ring pink","5","6","11","0.455","0","1","aggiornato"
"2025/2026","Unicorns","Hand_painted","VC104","Bracelet zephyr red","6","2","8","0.750","0","1","aggiornato"
"2025/2026","Unicorns","Hand_painted","VC104A","Bracelet zephyr blue","5","4","9","0.556","0","1","aggiornato"
"2025/2026","Unicorns","Hand_painted","VC106","Silvia","7","3","10","0.700","0","1","aggiornato"
"2025/2026","Unicorns","Hand_painted","VC118","Maya","5","6","11","0.455","0","1","aggiornato"
"2025/2026","Unicorns","Hand_painted","VC119","Bracialet/pin sparkle","5","5","10","0.500","0","1","aggiornato"
"2025/2026","Unicorns","Hand_painted","VC125","Justine","12","2","14","0.857","0","1","aggiornato"
"2025/2026","Unicorns","Hand_painted","VC126","Camille","10","4","14","0.714","0","1","aggiornato"
"2025/2026","Unicorns","Hand_painted","VC137","Lana","6","7","13","0.462","0","1","aggiornato"
"2025/2026","Unicorns","Hand_painted","VC158","Flower-Ring purple","4","4","8","0.500","0","1","aggiornato"
"2025/2026","Unicorns","Hand_painted","VC159","Flower-Ring lightblue","5","5","10","0.500","0","1","aggiornato"
"2025/2026","Unicorns","Hand_painted","VC164","Hair Clip yellow Star","4","6","10","0.400","0","1","aggiornato"
"2025/2026","Unicorns","Hand_painted","VC165","Hair Clip purple Heart","4","6","10","0.400","0","1","aggiornato"
"2025/2026","Unicorns","Hand_painted","VC193","Poppy","7","4","11","0.636","0","1","aggiornato"
"2025/2026","Unicorns","Hand_painted","VC193A","Bubbles","10","3","13","0.769","0","1","aggiornato"
"2025/2026","Unicorns","Hand_painted","VC194","Aurelia","11","1","12","0.917","0","1","aggiornato"
"2025/2026","Unicorns","Hand_painted","VC194A","Estelle","7","2","9","0.778","0","1","aggiornato"
"2025/2026","Unicorns","Hand_painted","VC195","Mirabelle","4","4","8","0.500","0","1","aggiornato"
"2025/2026","Unicorns","Hand_painted","VC195A","Ambrosia","7","4","11","0.636","0","1","aggiornato"
"2025/2026","Unicorns","Hand_painted","VC199","Lauren","5","3","8","0.625","0","1","aggiornato"
"2025/2026","Unicorns","Hand_painted","VC200","Lisa","8","3","11","0.727","0","1","aggiornato"
"2025/2026","Unicorns","Hand_painted","VC406","Color changing bracialet white to blue","17","1","18","0.944","0","1","aggiornato"
"2025/2026","Unicorns","Hand_painted","VC406A","Color changing bracialet white to pink","21","0","21","1.000","0","1","aggiornato"
"2025/2026","Unicorns","Hand_painted","VQ029","Miranda ring","5","5","10","0.500","0","1","aggiornato"
"2025/2026","Unicorns","Hand_painted","VQ029A","Simone ring","10","5","15","0.667","0","2","aggiornato"
"2025/2026","Unicorns","Hand_painted","VC005A","Petunia","5","1","6","","0","","skippato"
"2025/2026","Unicorns","Hand_painted","VC119A","Bracialet/pin cloud","4","3","7","","0","","skippato"
"2025/2026","Unicorns","Hand_painted","VC124","Ring purple","4","3","7","","0","","skippato"
"2025/2026","Unicorns","Hand_painted","VC157","Unicorn Earring pink","6","0","6","","0","","skippato"
"2025/2026","Unicorns","Hand_painted","VC157A","Unicorn Earring purple","4","3","7","","0","","skippato"
"2025/2026","Unicorns","Hand_painted","VC201","Matilde","4","2","6","","0","","skippato"
"2025/2026","DC Playmobil","Hand_painted","VC291","Superman","7","13","20","0.350","0","1","aggiornato"
"2025/2026","DC Playmobil","Hand_painted","VC292","Supergirl","10","10","20","0.500","0","1","aggiornato"
"2025/2026","DC Playmobil","Hand_painted","VC293","The Flash","10","11","21","0.476","0","1","aggiornato"
"2025/2026","DC Playmobil","Hand_painted","VC294","Green Lantern","10","12","22","0.455","0","1","aggiornato"
"2025/2026","DC Playmobil","Hand_painted","VC295","Aquaman","8","10","18","0.444","0","1","aggiornato"
"2025/2026","DC Playmobil","Hand_painted","VC296","Mera","8","16","24","0.333","0","1","aggiornato"
"2025/2026","DC Playmobil","Hand_painted","VC297","Batgirl","7","13","20","0.350","0","1","aggiornato"
"2025/2026","DC Playmobil","Hand_painted","VC298","Batman","9","14","23","0.391","0","1","aggiornato"
"2025/2026","DC Playmobil","Hand_painted","VC299","Catwoman","11","8","19","0.579","0","1","aggiornato"
"2025/2026","DC Playmobil","Hand_painted","VC300","Cyborg","11","13","24","0.458","0","1","aggiornato"
"2025/2026","DC Playmobil","Hand_painted","VC301","The Riddler","7","16","23","0.304","0","1","aggiornato"
"2025/2026","DC Playmobil","Hand_painted","VC302","Wonder Woman","14","7","21","0.667","0","2","aggiornato"
"2025/2026","DC Playmobil","Hand_painted","VC303","Harley Quinn","10","9","19","0.526","0","1","aggiornato"
"2025/2026","DC Playmobil","Hand_painted","VC304","Black Adam","9","13","22","0.409","0","1","aggiornato"
"2025/2026","DC Playmobil","Hand_painted","VC305","Robin","9","10","19","0.474","0","1","aggiornato"
"2025/2026","DC Playmobil","Hand_painted","VC306","Joker","8","8","16","0.500","0","1","aggiornato"
"2025/2026","Christmas 2025","Hand_painted","VC240","Elf green with snow scooter","8","1","9","0.889","0","1","aggiornato"
"2025/2026","Christmas 2025","Hand_painted","VD259A","Santa with sleigh","7","2","9","0.778","0","1","aggiornato"
"2025/2026","Christmas 2025","Hand_painted","VD262A","Reindeer on snowboard","10","1","11","0.909","0","1","aggiornato"
"2025/2026","Christmas 2025","Hand_painted","VD266B","Santa with snowmobile","7","2","9","0.778","0","1","aggiornato"
"2025/2026","Christmas 2025","Hand_painted","VQ252A","Gingerbread man","14","0","14","1.000","0","1","aggiornato"
"2025/2026","Christmas 2025","Hand_painted","VQ254A","Santa with motor sled","11","3","14","0.786","0","1","aggiornato"
"2025/2026","Christmas 2025","Hand_painted","VQ255A","Owl","8","1","9","0.889","0","1","aggiornato"
"2025/2026","Christmas 2025","Hand_painted","VQ257A","Elf red with snowboard","10","1","11","0.909","0","1","aggiornato"
"2025/2026","Christmas 2025","Hand_painted","VQ259A","Polar bear","9","1","10","0.900","0","1","aggiornato"
"2025/2026","Christmas 2025","Hand_painted","VQ260A","Reindeer on skis","11","1","12","0.917","0","1","aggiornato"
"2025/2026","Christmas 2025","Hand_painted","VT240A","Snowman","12","1","13","0.923","0","1","aggiornato"
"2025/2026","Christmas 2025","Hand_painted","VQ263A","Squirrel","6","1","7","","0","","skippato"
"2025/2026","Easter 2026","Hand_painted","VC241","Red Bird","7","1","8","0.875","0","1","aggiornato"
"2025/2026","Easter 2026","Hand_painted","VC244","Hedgehog","7","2","9","0.778","0","1","aggiornato"
"2025/2026","Easter 2026","Hand_painted","VC251","Blue Bird","7","2","9","0.778","0","1","aggiornato"
"2025/2026","Easter 2026","Hand_painted","VC252","Fox","5","3","8","0.625","0","1","aggiornato"
"2025/2026","Easter 2026","Hand_painted","VC254","Blue Rabbit","8","1","9","0.889","0","1","aggiornato"
"2025/2026","Easter 2026","Hand_painted","VC385","Rooster","10","0","10","1.000","0","1","aggiornato"
"2025/2026","Easter 2026","Hand_painted","VC242","White sheep","2","1","3","","0","","skippato"
"2025/2026","Easter 2026","Hand_painted","VC245","Pink Rabbit","6","0","6","","0","","skippato"
"2025/2026","Easter 2026","Hand_painted","VC246","Frog","5","1","6","","0","","skippato"
"2025/2026","Easter 2026","Hand_painted","VC247","Black sheep","5","1","6","","0","","skippato"
"2025/2026","Easter 2026","Hand_painted","VC250","Chick","6","1","7","","0","","skippato"
"2025/2026","Easter 2026","Hand_painted","VC253","Chicken","5","2","7","","0","","skippato"
"2025/2026","Animal Families - Crab and Monkey","Compo","VC026","Monkey family","8","0","8","1.000","0","1","aggiornato"
"2025/2026","Animal Families - Crab and Monkey","Compo","VC025","Crab family","5","0","5","","0","","skippato"
"2025/2026","Animal Families - Duck and Frog","Compo","VC019","Frog family","9","0","9","1.000","0","1","aggiornato"
"2025/2026","Animal Families - Duck and Frog","Compo","VC018","Duck family","5","0","5","","0","","skippato"
"2025/2026","Animal Families - Elephant and Giraffe","Compo","VC033","Elefant family","5","0","5","","0","","skippato"
"2025/2026","Animal Families - Elephant and Giraffe","Compo","VC034","Giraffe family","5","1","6","","0","","skippato"
"2025/2026","Animal Families - Hedgehog and Squirrel","Compo","VC021","Squirrel family","8","1","9","0.889","0","1","aggiornato"
"2025/2026","Animal Families - Hedgehog and Squirrel","Compo","VC020","Hedgehog family","7","0","7","","0","","skippato"
"2025/2026","Animal Families - Moose and Sheep","Compo","VC023","Moose family","8","0","8","1.000","0","1","aggiornato"
"2025/2026","Animal Families - Moose and Sheep","Compo","VC024","Sheep family","7","0","7","","0","","skippato"
"2025/2026","Animal Families - Penguin and Seal","Compo","VC016","Penguin family","4","0","4","","0","","skippato"
"2025/2026","Animal Families - Penguin and Seal","Compo","VC017","Seal family","4","0","4","","0","","skippato"
"2025/2026","Animal Families - Rabbit and Mouse","Compo","VC014","Rabbit family","5","0","5","","0","","skippato"
"2025/2026","Animal Families - Rabbit and Mouse","Compo","VC015","Mouse family","6","0","6","","0","","skippato"
"2025/2026","Animal Spinner","Compo","VC258","Sea spinner","4","0","4","","0","","skippato"
"2025/2026","Animal Spinner","Compo","VC258A","Jungle spinner","3","0","3","","0","","skippato"
"2025/2026","Animal Stamps","Compo","VQ047","Mouse stamp","7","0","7","","0","","skippato"
"2025/2026","Animal Stamps","Compo","VQ048","Parrot stamp","5","1","6","","0","","skippato"
"2025/2026","Come closer","Compo","VC069","Crocodile","5","0","5","","0","","skippato"
"2025/2026","Come closer","Compo","VC070","Elephant","6","0","6","","0","","skippato"
"2025/2026","Come in my Arms","Compo","VC081","Blue alien","7","0","7","","0","","skippato"
"2025/2026","Come in my Arms","Compo","VC081A","Red alien","7","0","7","","0","","skippato"
"2025/2026","Demolition Stars","Compo","VC088","Wrecking ball","5","1","6","","0","","skippato"
"2025/2026","Demolition Stars","Compo","VC089","Concrete nibbler","4","0","4","","0","","skippato"
"2025/2026","Do not squezze me","Compo","VC076","Crocodile","4","0","4","","0","","skippato"
"2025/2026","Do not squezze me","Compo","VC077","Parrot on the beach","4","0","4","","0","","skippato"
"2025/2026","Dodos Return","Compo","VC002","Dodo yellow","4","0","4","","0","","skippato"
"2025/2026","Dodos Return","Compo","VC002B","Dodo light blue","4","0","4","","0","","skippato"
"2025/2026","Excavators","Compo","VC008","Excavator","4","0","4","","0","","skippato"
"2025/2026","Excavators","Compo","VC009","Demolition excavator","3","1","4","","0","","skippato"
"2025/2026","Fairies World","Compo","VT023A","Fairy Agnes","9","0","9","1.000","0","1","aggiornato"
"2025/2026","Fairies World","Compo","VT023B","Fairy Bea","10","0","10","1.000","0","1","aggiornato"
"2025/2026","Fairies World","Compo","VT024A","Fairy Monika","9","0","9","1.000","0","1","aggiornato"
"2025/2026","Fairies World","Compo","VT024B","Fairy Wanda","8","1","9","0.889","0","1","aggiornato"
"2025/2026","Fairies World","Compo","VT025A","Flowee Regina","10","0","10","1.000","0","1","aggiornato"
"2025/2026","Fairies World","Compo","VT025B","Flowee Jasmin","9","1","10","0.900","0","1","aggiornato"
"2025/2026","Fairies World","Compo","VT026A","Flowee Stella","8","0","8","1.000","0","1","aggiornato"
"2025/2026","Fairies World","Compo","VT026B","Flowee Ruby","9","0","9","1.000","0","1","aggiornato"
"2025/2026","Fairies World","Compo","VT035A","Crystal rescal bracialet green","9","0","9","1.000","0","1","aggiornato"
"2025/2026","Fairies World","Compo","VT035B","Crystal rescal bracialet red","9","0","9","1.000","0","1","aggiornato"
"2025/2026","Fairies World","Compo","VT036A","Crystal hopper bracialet blue","9","0","9","1.000","0","1","aggiornato"
"2025/2026","Fairies World","Compo","VT036B","Crystal hopper bracialet pink","8","0","8","1.000","0","1","aggiornato"
"2025/2026","Fairies World","Compo","VT038A","Gipsy","9","0","9","1.000","0","1","aggiornato"
"2025/2026","Fairies World","Compo","VT038B","Rose","9","0","9","1.000","0","1","aggiornato"
"2025/2026","Fairies World","Compo","VT040B","Flower","8","0","8","1.000","0","1","aggiornato"
"2025/2026","Fairies World","Compo","VT041C","Butterfly","9","0","9","1.000","0","1","aggiornato"
"2025/2026","Fairies World","Compo","VT048D","Monika's House","9","0","9","1.000","0","1","aggiornato"
"2025/2026","Fairies World","Compo","VT048E","Agnes's House","9","1","10","0.900","0","1","aggiornato"
"2025/2026","Fairies World","Compo","VT049A","Dangle Dragonfly purple","8","0","8","1.000","0","1","aggiornato"
"2025/2026","Fairies World","Compo","VT064A","Butterfly Box","10","0","10","1.000","0","1","aggiornato"
"2025/2026","Fairies World","Compo","VT065A","Star Box","9","1","10","0.900","0","1","aggiornato"
"2025/2026","Fairies World","Compo","VT076B","Mochi","9","0","9","1.000","0","1","aggiornato"
"2025/2026","Fairies World","Compo","VT076C","Gaia","9","0","9","1.000","0","1","aggiornato"
"2025/2026","Fairies World","Compo","VT094A","Crown beaver purple","8","1","9","0.889","0","1","aggiornato"
"2025/2026","Fairies World","Compo","VT094B","Crown beaver orange","9","0","9","1.000","0","1","aggiornato"
"2025/2026","Fairies World","Compo","VT095A","Crown rabbit green","9","0","9","1.000","0","1","aggiornato"
"2025/2026","Fairies World","Compo","VT095B","Crown rabbit red","9","0","9","1.000","0","1","aggiornato"
"2025/2026","Fairies World","Compo","VT096A","Hoggy pink","8","1","9","0.889","0","1","aggiornato"
"2025/2026","Fairies World","Compo","VT096B","Hoggy purple","10","0","10","1.000","0","1","aggiornato"
"2025/2026","Fairies World","Compo","VT097A","Rascal light blue","9","0","9","1.000","0","1","aggiornato"
"2025/2026","Fairies World","Compo","VT097B","Rascal pink","10","0","10","1.000","0","1","aggiornato"
"2025/2026","Fairies World","Compo","VT209A","Dangle Bird pink","9","0","9","1.000","0","1","aggiornato"
"2025/2026","Hard Work to painting","Compo","VC047","Koala","6","0","6","","0","","skippato"
"2025/2026","Hard Work to painting","Compo","VC049","Mouse","6","0","6","","0","","skippato"
"2025/2026","Hidden Pictures refresh","Compo","VT102A","Mouse X-ray","10","0","10","1.000","0","1","aggiornato"
"2025/2026","I Like Fish","Compo","VC061","Seal","5","0","5","","0","","skippato"
"2025/2026","I Like Fish","Compo","VC062","Walrus","7","0","7","","0","","skippato"
"2025/2026","Ice Games","Compo","VQ071","Penguin","6","1","7","","0","","skippato"
"2025/2026","Ice Games","Compo","VQ072","Polar bear","4","1","5","","0","","skippato"
"2025/2026","Key Guard","Compo","VC054","Frog","4","2","6","","0","","skippato"
"2025/2026","Key Guard","Compo","VC056","Monkey","4","0","4","","0","","skippato"
"2025/2026","Look in my Eyes","Compo","VC029","Green eyes","5","0","5","","0","","skippato"
"2025/2026","Look in my Eyes","Compo","VC029A","Purple eyes","6","0","6","","0","","skippato"
"2025/2026","On the Constrution site","Compo","VC094","Shovel excavator","5","0","5","","0","","skippato"
"2025/2026","On the Constrution site","Compo","VC096","Truck","3","0","3","","0","","skippato"
"2025/2026","Racers","Compo","VC041","Car with gear red","6","2","8","0.750","0","1","aggiornato"
"2025/2026","Racers","Compo","VC041A","Car with gear blue","8","0","8","1.000","0","1","aggiornato"
"2025/2026","Racers","Compo","VC063","Quad","8","0","8","1.000","0","1","aggiornato"
"2025/2026","Racers","Compo","VQ069A","Green Mileseater","9","0","9","1.000","0","1","aggiornato"
"2025/2026","Racers","Compo","VC064","Cross Car","7","0","7","","0","","skippato"
"2025/2026","Racers","Compo","VC066","Toy Box blue","5","1","6","","0","","skippato"
"2025/2026","Racers","Compo","VC068","Toy Box orange","7","0","7","","0","","skippato"
"2025/2026","Racers","Compo","VC095","Stan the screwmaster","4","1","5","","0","","skippato"
"2025/2026","Racers","Compo","VC120","Orange Speed","5","0","5","","0","","skippato"
"2025/2026","Racers","Compo","VC121","Golden Winner","4","0","4","","0","","skippato"
"2025/2026","Racers","Compo","VC140","Michael the mechanic","3","1","4","","0","","skippato"
"2025/2026","Racers","Compo","VC174","Niki","4","0","4","","0","","skippato"
"2025/2026","Racers","Compo","VC175","Blue Racebike","5","0","5","","0","","skippato"
"2025/2026","Racers","Compo","VC176","Red Racebike","5","0","5","","0","","skippato"
"2025/2026","Racers","Compo","VC177","Blue spinning car","3","1","4","","0","","skippato"
"2025/2026","Racers","Compo","VC178","Purple spinning car","5","1","6","","0","","skippato"
"2025/2026","Racers","Compo","VC181","Hot road red","4","1","5","","0","","skippato"
"2025/2026","Racers","Compo","VC182","Hot road orange","7","0","7","","0","","skippato"
"2025/2026","Racers","Compo","VC196","Michael","4","1","5","","0","","skippato"
"2025/2026","Racers","Compo","VC248","Blue Monster","5","1","6","","0","","skippato"
"2025/2026","Racers","Compo","VC249","Green Destroyer","4","2","6","","0","","skippato"
"2025/2026","Racers","Compo","VQ070A","Red Roadmaster","6","1","7","","0","","skippato"
"2025/2026","Racers","Compo","VQ209A","Le Mans Blue Flash","4","1","5","","0","","skippato"
"2025/2026","Racers","Compo","VQ210A","Le Mans Black Star","5","0","5","","0","","skippato"
"2025/2026","Shake more Hands","Compo","VC045","Octopus","8","0","8","1.000","0","1","aggiornato"
"2025/2026","Shake more Hands","Compo","VC046","Spider","5","0","5","","0","","skippato"
"2025/2026","Stamp Animals","Compo","VC059","Koala","3","1","4","","0","","skippato"
"2025/2026","Stamp Animals","Compo","VC060","Parrot","6","0","6","","0","","skippato"
"2025/2026","Sticky Animals","Compo","VQ203","Octopus green and yellow","8","0","8","1.000","0","1","aggiornato"
"2025/2026","Sticky Animals","Compo","VQ204","Octopus blue and orange","5","1","6","","0","","skippato"
"2025/2026","Sunlovers","Compo","VC074","Duck","4","0","4","","0","","skippato"
"2025/2026","Sunlovers","Compo","VC075","Frog","4","1","5","","0","","skippato"
"2025/2026","Surreal","Compo","VC072","Blue dragon","5","1","6","","0","","skippato"
"2025/2026","Surreal","Compo","VC079","Red dragon","5","0","5","","0","","skippato"
"2025/2026","Track Vehicle","Compo","VC116","Blue Car","4","1","5","","0","","skippato"
"2025/2026","Track Vehicle","Compo","VC179","Yellow Car","5","1","6","","0","","skippato"
"2025/2026","Transporters","Compo","VC038","Transporter 1","4","0","4","","0","","skippato"
"2025/2026","Transporters","Compo","VC087","Transporter 2","4","0","4","","0","","skippato"
"2025/2026","Turn me up","Compo","VC224","Yellow Flower","5","1","6","","0","","skippato"
"2025/2026","Turn me up","Compo","VC224A","Blue Flower","7","0","7","","0","","skippato"
"2025/2026","Underwater Games","Compo","VC035","Orca","5","0","5","","0","","skippato"
"2025/2026","Underwater Games","Compo","VC035A","Shark","4","0","4","","0","","skippato"
"2025/2026","Zipper Friends","Compo","VC050","Crocodile","4","1","5","","0","","skippato"
"2025/2026","Zipper Friends","Compo","VC051","Beaver","4","2","6","","0","","skippato"
"2025/2026","Star Wars","Hand_painted","VC365","Obi Wan Kenobi","9","7","16","0.563","0","1","aggiornato"
"2025/2026","Star Wars","Hand_painted","VC366","Luke Skywalker","3","9","12","0.250","0","1","aggiornato"
"2025/2026","Star Wars","Hand_painted","VC367","Chewbacca","6","9","15","0.400","0","1","aggiornato"
"2025/2026","Star Wars","Hand_painted","VC368","Stormtrooper","9","7","16","0.563","0","1","aggiornato"
"2025/2026","Star Wars","Hand_painted","VC369","Darth Vader","10","7","17","0.588","0","1","aggiornato"
"2025/2026","Star Wars","Hand_painted","VC370","Yoda","6","6","12","0.500","0","1","aggiornato"
"2025/2026","Star Wars","Hand_painted","VC371","Rey","5","8","13","0.385","0","1","aggiornato"
"2025/2026","Star Wars","Hand_painted","VC372","Kylo Ren","12","6","18","0.667","0","2","aggiornato"
"2025/2026","Star Wars","Hand_painted","VC373","Boba Fett","5","7","12","0.417","0","1","aggiornato"
"2025/2026","Star Wars","Hand_painted","VC374","Leia Organa","5","5","10","0.500","0","1","aggiornato"
"2025/2026","Gabby's Dollhouse","Hand_painted","VC338","Cakey Cat","5","0","5","","0","","skippato"
"2025/2026","Gabby's Dollhouse","Hand_painted","VC339","Gabby","5","1","6","","0","","skippato"
"2025/2026","Gabby's Dollhouse","Hand_painted","VC340","Kitty Fairy","4","1","5","","0","","skippato"
"2025/2026","Gabby's Dollhouse","Hand_painted","VC341","MerCat","6","1","7","","0","","skippato"
"2025/2026","Gabby's Dollhouse","Hand_painted","VC342","Pandy Paws","4","1","5","","0","","skippato"
"2025/2026","Gabby's Dollhouse","Hand_painted","VC343","Baby Box","5","0","5","","0","","skippato"
"2025/2026","Frozen 4","Hand_painted","VT428","Elsa - Frozen 3 edition","5","0","5","","0","","skippato"
"2025/2026","Frozen 4","Hand_painted","VT429","Anna - Frozen 3 edition","4","0","4","","0","","skippato"
"2025/2026","Frozen 4","Hand_painted","VU335","Anna - Frozen II edition","4","0","4","","0","","skippato"
"2025/2026","Frozen 4","Hand_painted","VU336","Olaf","4","0","4","","0","","skippato"
"2025/2026","Frozen 4","Hand_painted","VU337","Elsa - Frozen II edition","4","0","4","","0","","skippato"
"2025/2026","Frozen 4","Hand_painted","VU338","Bruni","5","0","5","","0","","skippato"
"2025/2026","Frozen 4","Hand_painted","VU339","Kristoff","4","0","4","","0","","skippato"
"2025/2026","Frozen 4","Hand_painted","VU340","The Nokk","4","0","4","","0","","skippato"
"2024/2025","Funko Pop - Jurassic World","Hand_painted","VQ284","Parasaurus","20","5","25","0.800","0","2","aggiornato"
"2024/2025","Funko Pop - Jurassic World","Hand_painted","VQ285","Gigantosaurus","15","14","29","0.517","0","1","aggiornato"
"2024/2025","Funko Pop - Jurassic World","Hand_painted","VQ286","Triceratops","15","4","19","0.789","0","1","aggiornato"
"2024/2025","Funko Pop - Jurassic World","Hand_painted","VQ287","Velociraptor","13","6","19","0.684","0","2","aggiornato"
"2024/2025","Funko Pop - Jurassic World","Hand_painted","VQ288","Pterodactylus (pen deco)","19","3","22","0.864","0","1","aggiornato"
"2024/2025","Funko Pop - Jurassic World","Hand_painted","VQ289","Velociraptor (pen deco)","10","7","17","0.588","0","1","aggiornato"
"2024/2025","Funko Pop - Jurassic World","Hand_painted","VQ290","Pachycephalosaurus (pen deco)","8","15","23","0.348","0","1","aggiornato"
"2024/2025","Funko Pop - Jurassic World","Hand_painted","VQ291","Brachiosaurus (supporto smartphone)","16","1","17","0.941","0","1","aggiornato"
"2024/2025","Funko Pop - Jurassic World","Hand_painted","VQ292","Indominus","13","8","21","0.619","0","1","aggiornato"
"2024/2025","Funko Pop - Jurassic World","Hand_painted","VQ293","Allosaurus (supporto smartphone)","11","12","23","0.478","0","1","aggiornato"
"2024/2025","Funko Pop - Jurassic World","Hand_painted","VQ302","Plateosaurus (supporto smartphone)","10","11","21","0.476","0","1","aggiornato"
"2024/2025","Funko Pop - Jurassic World","Hand_painted","VQ314","T-Rex","7","15","22","0.318","0","1","aggiornato"
"2024/2025","Funko Pop - Jurassic World","Hand_painted","VQ315","Mosasaurus (porta cavo)","20","1","21","0.952","0","1","aggiornato"
"2024/2025","Funko Pop - Jurassic World","Hand_painted","VQ316","Ankylosaurus","11","8","19","0.579","0","1","aggiornato"
"2024/2025","Funko Pop - Jurassic World","Hand_painted","VQ317","Pterodactylus (cable deco)","19","1","20","0.950","0","1","aggiornato"
"2024/2025","Funko Pop - Jurassic World","Hand_painted","VQ318","Pyroraptor (cable deco)","11","11","22","0.500","0","1","aggiornato"
"2024/2025","Funko Pop - Jurassic World","Hand_painted","VQ319","Scorpios Rex (porta cavo)","8","18","26","0.308","0","1","aggiornato"
"2024/2025","Funko Pop - Jurassic World","Hand_painted","VQ320","Acrocanthosaurus (porta cavo)","10","9","19","0.526","0","1","aggiornato"
"2024/2025","Funko Pop - Jurassic World","Hand_painted","VQ321","Dilophosaurus","9","16","25","0.360","0","1","aggiornato"
"2024/2025","Funko Pop - Jurassic World","Hand_painted","VQ322","T-Rex skeleton","11","10","21","0.524","0","1","aggiornato"
"2024/2025","Funko Pop - Jurassic World","Hand_painted","VQ323","Indoraptor","8","17","25","0.320","0","1","aggiornato"
"2024/2025","Funko Pop - Jurassic World","Hand_painted","VQ324","Stygimoloch","12","4","16","0.750","0","1","aggiornato"
"2024/2025","Funko Pop - Jurassic World","Hand_painted","VQ325","Stegosaurus","20","3","23","0.870","0","1","aggiornato"
"2024/2025","Funko Pop - Jurassic World","Hand_painted","VQ326","Chasmosaurus (porta cavo)","8","14","22","0.364","0","1","aggiornato"
"2024/2025","Super Mario","Hand_painted","DV548","Mario","12","12","24","0.500","0","1","aggiornato"
"2024/2025","Super Mario","Hand_painted","DV548A","Fire Mario","18","11","29","0.621","0","1","aggiornato"
"2024/2025","Super Mario","Hand_painted","DV549","Luigi","13","15","28","0.464","0","1","aggiornato"
"2024/2025","Super Mario","Hand_painted","DV549A","Fire Luigi","12","11","23","0.522","0","1","aggiornato"
"2024/2025","Super Mario","Hand_painted","DV550","Yoshi","15","12","27","0.556","0","1","aggiornato"
"2024/2025","Super Mario","Hand_painted","DV550A","Yoshi giallo","9","11","20","0.450","0","1","aggiornato"
"2024/2025","Super Mario","Hand_painted","VQ390","Fungo rosso evidenziatore","16","2","18","0.889","0","1","aggiornato"
"2024/2025","Super Mario","Hand_painted","VQ390A","Green Mushroom evidenziatore","8","14","22","0.364","0","1","aggiornato"
"2024/2025","Super Mario","Hand_painted","VQ392","Mario pen deco","9","11","20","0.450","0","1","aggiornato"
"2024/2025","Super Mario","Hand_painted","VQ393","Fungo rosso organizer","12","4","16","0.750","0","1","aggiornato"
"2024/2025","Super Mario","Hand_painted","VQ393A","Fungo verde organizer","11","2","13","0.846","0","1","aggiornato"
"2024/2025","Super Mario","Hand_painted","VQ394","Boo clip","8","8","16","0.500","0","1","aggiornato"
"2024/2025","Super Mario","Hand_painted","VQ397","Goomba","17","9","26","0.654","0","2","aggiornato"
"2024/2025","Super Mario","Hand_painted","VQ399","Fire Mario pop-it","12","3","15","0.800","0","1","aggiornato"
"2024/2025","Super Mario","Hand_painted","VQ400","Fungo rosso pop-it","17","3","20","0.850","0","1","aggiornato"
"2024/2025","Super Mario","Hand_painted","VQ401","Superstar","21","5","26","0.808","0","2","aggiornato"
"2024/2025","Super Mario","Hand_painted","VQ402","CheepCheep rosso","20","2","22","0.909","0","1","aggiornato"
"2024/2025","Super Mario","Hand_painted","VQ402A","CheepCheep giallo","15","16","31","0.484","0","1","aggiornato"
"2024/2025","Super Mario","Hand_painted","VQ405","Browser pop-it","10","11","21","0.476","0","1","aggiornato"
"2024/2025","Super Mario","Hand_painted","VQ406","Blooper clip","11","8","19","0.579","0","1","aggiornato"
"2024/2025","Super Mario","Hand_painted","VQ408","Fungo verde pop-it","14","7","21","0.667","0","2","aggiornato"
"2024/2025","Super Mario","Hand_painted","VQ412","Spiny clip","8","10","18","0.444","0","1","aggiornato"
"2024/2025","Super Mario","Hand_painted","VQ413","Piranha paperclip","14","5","19","0.737","0","2","aggiornato"
"2024/2025","Super Mario","Hand_painted","VQ414","Luigi pen deco","8","14","22","0.364","0","1","aggiornato"
"2024/2025","Super Mario","Hand_painted","VQ415","Peach pen deco","9","13","22","0.409","0","1","aggiornato"
"2024/2025","Super Mario","Hand_painted","VQ416","Questionblock tag","11","8","19","0.579","0","1","aggiornato"
"2024/2025","Super Mario","Hand_painted","VQ417","Toad paperclip","18","2","20","0.900","0","1","aggiornato"
"2024/2025","Super Mario","Hand_painted","VQ420","Yoshi pen deco","8","14","22","0.364","0","1","aggiornato"
"2024/2025","Super Mario","Hand_painted","VQ422","Fungo rosso portafoto","17","4","21","0.810","0","1","aggiornato"
"2024/2025","Super Mario","Hand_painted","VQ422A","Fungo verde portafoto","20","2","22","0.909","0","1","aggiornato"
"2025/2026","Funko Stranger Things","Hand_painted","VC259","Will","56","3","59","0.949","0","1","aggiornato"
"2025/2026","Funko Stranger Things","Hand_painted","VC260","Will Upside Down","42","10","52","0.808","0","2","aggiornato"
"2025/2026","Funko Stranger Things","Hand_painted","VC261","Dustin","16","23","39","0.410","0","1","aggiornato"
"2025/2026","Funko Stranger Things","Hand_painted","VC262","Dustin Upside Down","23","20","43","0.535","0","1","aggiornato"
"2025/2026","Funko Stranger Things","Hand_painted","VC263","Hopper","9","23","32","0.281","0","1","aggiornato"
"2025/2026","Funko Stranger Things","Hand_painted","VC264","Hopper Upside Down","15","16","31","0.484","0","1","aggiornato"
"2025/2026","Funko Stranger Things","Hand_painted","VC265","Max","13","25","38","0.342","0","1","aggiornato"
"2025/2026","Funko Stranger Things","Hand_painted","VC266","Max Upside Down","22","19","41","0.537","0","1","aggiornato"
"2025/2026","Funko Stranger Things","Hand_painted","VC267","Steve","10","27","37","0.270","0","1","aggiornato"
"2025/2026","Funko Stranger Things","Hand_painted","VC268","Steve Upside Down","12","26","38","0.316","0","1","aggiornato"
"2025/2026","Funko Stranger Things","Hand_painted","VC269","Eleven","18","18","36","0.500","0","1","aggiornato"
"2025/2026","Funko Stranger Things","Hand_painted","VC271","Demo Gorgon","11","23","34","0.324","0","1","aggiornato"
"2025/2026","Funko Stranger Things","Hand_painted","VC273","Lucas","13","23","36","0.361","0","1","aggiornato"
"2025/2026","Funko Stranger Things","Hand_painted","VC274","Mike","18","18","36","0.500","0","1","aggiornato"
"2025/2026","Funko Stranger Things","Hand_painted","VC275","Demo Gorgon paperclip","11","19","30","0.367","0","1","aggiornato"
"2025/2026","Funko Stranger Things","Hand_painted","VC276","Eleven smartphone holder","19","14","33","0.576","0","1","aggiornato"
"2025/2026","Funko Stranger Things","Hand_painted","VC277","Vecna smartphone holder","10","20","30","0.333","0","1","aggiornato"
"2025/2026","Funko Stranger Things","Hand_painted","VC283","Nancy cable deco","14","19","33","0.424","0","1","aggiornato"
"2025/2026","Funko Stranger Things","Hand_painted","VC284","Eddie Upside Down cable deco","13","20","33","0.394","0","1","aggiornato"
"2025/2026","Funko Stranger Things","Hand_painted","VC285","Erica cable deco","15","18","33","0.455","0","1","aggiornato"
"2025/2026","Funko Stranger Things","Hand_painted","VC286","Steven e Robin pen deco","10","20","30","0.333","0","1","aggiornato"
"2025/2026","Funko Stranger Things","Hand_painted","VC287","Demo Gorgon pen deco","11","18","29","0.379","0","1","aggiornato"
"2025/2026","Funko Stranger Things","Hand_painted","VC288","Robin Upside Down cable deco","13","12","25","0.520","0","1","aggiornato"
"2025/2026","Funko Stranger Things","Hand_painted","VC356","Eleven paperclip","15","21","36","0.417","0","1","aggiornato"
"2025/2026","Minecraft","Hand_painted","VC307","Alex","11","9","20","0.550","0","1","aggiornato"
"2025/2026","Minecraft","Hand_painted","VC308","Steve","16","2","18","0.889","0","1","aggiornato"
"2025/2026","Minecraft","Hand_painted","VC309","Creeper","23","1","24","0.958","0","1","aggiornato"
"2025/2026","Minecraft","Hand_painted","VC309A","Charged Creeper","24","2","26","0.923","0","1","aggiornato"
"2025/2026","Minecraft","Hand_painted","VC310","Zombie","18","2","20","0.900","0","1","aggiornato"
"2025/2026","Minecraft","Hand_painted","VC311","Enderman","18","1","19","0.947","0","1","aggiornato"
"2025/2026","Minecraft","Hand_painted","VC312","Alex in golden armour","15","3","18","0.833","0","1","aggiornato"
"2025/2026","Minecraft","Hand_painted","VC314","Steve in diamond armour","22","2","24","0.917","0","1","aggiornato"
"2025/2026","Minecraft","Hand_painted","VC315","Netherportal Skeleton smartphone holder","15","3","18","0.833","0","1","aggiornato"
"2025/2026","Minecraft","Hand_painted","VC317","Alex in golden armour paper clip","14","3","17","0.824","0","1","aggiornato"
"2025/2026","Minecraft","Hand_painted","VC318","Steve in diamond armour paper clip","17","2","19","0.895","0","1","aggiornato"
"2025/2026","Minecraft","Hand_painted","VC319","Ender Dragon","14","3","17","0.824","0","1","aggiornato"
"2025/2026","Minecraft","Hand_painted","VC320","Bat clip","14","3","17","0.824","0","1","aggiornato"
"2025/2026","Minecraft","Hand_painted","VC321","Spider clip","11","2","13","0.846","0","1","aggiornato"
"2025/2026","Minecraft","Hand_painted","VC322","Ocelet paper clip","12","4","16","0.750","0","1","aggiornato"
"2025/2026","Minecraft","Hand_painted","VC323","Magma pen deco","18","1","19","0.947","0","1","aggiornato"
"2025/2026","Minecraft","Hand_painted","VC326","Netherportal Wither Skeleton smartphone holder","21","1","22","0.955","0","1","aggiornato"
"2025/2026","Minecraft","Hand_painted","VC327","Fox paper clip","14","1","15","0.933","0","1","aggiornato"
"2025/2026","Minecraft","Hand_painted","VC328","Breeze fidget","15","0","15","1.000","0","1","aggiornato"
"2025/2026","Minecraft","Hand_painted","VC329","Shulker Box fidget","13","6","19","0.684","0","2","aggiornato"
"2025/2026","Minecraft","Hand_painted","VC334","Diamond ore","18","2","20","0.900","0","1","aggiornato"
"2025/2026","Minecraft","Hand_painted","VC334A","Redstone ore","17","1","18","0.944","0","1","aggiornato"
"2025/2026","Minecraft","Hand_painted","VC335","Emerald block","19","2","21","0.905","0","1","aggiornato"
"2025/2026","Minecraft","Hand_painted","VC335A","Ice block","18","1","19","0.947","0","1","aggiornato"
"2025/2026","Minecraft","Hand_painted","VC336","Grass block","19","1","20","0.950","0","1","aggiornato"
"2025/2026","Minecraft","Hand_painted","VC399","Golden block","13","1","14","0.929","0","1","aggiornato"
"2025/2026","Minecraft","Hand_painted","VC400","Cat paper clip","12","2","14","0.857","0","1","aggiornato"
"2025/2026","Minecraft","Hand_painted","VC405","Skeleton","16","3","19","0.842","0","1","aggiornato"